,상대팀,결과
0,한화,win
1,한화,win
2,롯데,lose
3,롯데,win
4,SK,win
5,SK,win
6,SK,lose
7,LG,win
8,LG,win
9,LG,win
10,두산,lose
11,두산,lose
12,두산,win
13,SK,lose
14,SK,win
15,SK,lose
16,롯데,win
17,롯데,lose
18,롯데,win
19,현대,lose
20,현대,lose
21,현대,win
22,한화,win
23,한화,win
24,롯데,lose
25,롯데,win
26,SK,win
27,SK,win
28,SK,lose
29,LG,win
30,LG,win
31,LG,win
32,두산,lose
33,두산,lose
34,두산,win
35,SK,lose
36,SK,win
37,SK,lose
38,롯데,win
39,롯데,lose
40,롯데,win
41,현대,lose
42,현대,lose
43,현대,win
44,두산,win
45,두산,win
46,두산,lose
47,현대,lose
48,현대,win
49,현대,win
50,KIA,lose
51,KIA,lose
52,KIA,lose
53,LG,win
54,LG,win
55,LG,win
56,롯데,win
57,롯데,win
58,롯데,lose
59,한화,win
60,한화,win
61,한화,lose
62,현대,lose
63,현대,lose
64,현대,win
65,KIA,win
66,KIA,win
67,KIA,win
68,두산,lose
69,두산,lose
70,두산,win
71,롯데,win
72,롯데,win
73,롯데,lose
74,두산,win
75,두산,win
76,두산,win
77,SK,win
78,SK,win
79,SK,win
80,LG,win
81,LG,win
82,KIA,win
83,KIA,win
84,KIA,lose
85,한화,lose
86,한화,win
87,한화,lose
88,현대,win
89,현대,win
90,현대,lose
91,한화,win
92,한화,win
93,한화,win
94,LG,lose
95,LG,win
96,LG,lose
97,KIA,win
98,KIA,lose
99,현대,lose
100,현대,lose
101,현대,lose
102,SK,win
103,SK,lose
104,롯데,win
105,롯데,win
106,한화,win
107,한화,win
108,KIA,win
109,KIA,win
110,두산,win
111,두산,win
112,현대,lose
113,현대,win
114,LG,win
115,SK,win
116,SK,win
117,SK,lose
118,두산,win
119,두산,lose
120,한화,win
121,한화,win
122,한화,win
123,KIA,win
124,KIA,win
125,SK,win
126,SK,lose
127,롯데,lose
128,롯데,lose
129,현대,win
130,현대,lose
131,두산,win
132,두산,lose
133,LG,win
134,LG,win
135,LG,lose
136,LG,lose
137,KIA,win
138,KIA,win
139,KIA,win
140,KIA,lose
141,SK,win
142,SK,lose
143,SK,lose
144,롯데,lose
145,롯데,lose
146,롯데,win
147,한화,lose
148,한화,lose
149,롯데,win
150,LG,lose
151,LG,lose
152,LG,win
153,한화,lose
154,두산,win
155,한화,win
156,한화,win
157,롯데,lose
158,롯데,win
159,SK,win
160,SK,win
161,SK,lose
162,LG,win
163,LG,win
164,LG,win
165,두산,lose
166,두산,lose
167,두산,win
168,SK,lose
169,SK,win
170,SK,lose
171,롯데,win
172,롯데,lose
173,롯데,win
174,현대,lose
175,현대,lose
176,현대,win
177,한화,win
178,한화,win
179,롯데,lose
180,롯데,win
181,SK,win
182,SK,win
183,SK,lose
184,LG,win
185,LG,win
186,LG,win
187,두산,lose
188,두산,lose
189,두산,win
190,SK,lose
191,SK,win
192,SK,lose
193,롯데,win
194,롯데,lose
195,롯데,win
196,현대,lose
197,현대,lose
198,현대,win
199,두산,win
200,두산,win
201,두산,lose
202,현대,lose
203,현대,win
204,현대,win
205,KIA,lose
206,KIA,lose
207,KIA,lose
208,LG,win
209,LG,win
210,LG,win
211,롯데,win
212,롯데,win
213,롯데,lose
214,한화,win
215,한화,win
216,한화,lose
217,현대,lose
218,현대,lose
219,현대,win
220,KIA,win
221,KIA,win
222,KIA,win
223,두산,lose
224,두산,lose
225,두산,win
226,롯데,win
227,롯데,win
228,롯데,lose
229,두산,win
230,두산,win
231,두산,win
232,SK,win
233,SK,win
234,SK,win
235,LG,win
236,LG,win
237,KIA,win
238,KIA,win
239,KIA,lose
240,한화,lose
241,한화,win
242,한화,lose
243,현대,win
244,현대,win
245,현대,lose
246,한화,win
247,한화,win
248,한화,win
249,LG,lose
250,LG,win
251,LG,lose
252,KIA,win
253,KIA,lose
254,현대,lose
255,현대,lose
256,현대,lose
257,SK,win
258,SK,lose
259,롯데,win
260,롯데,win
261,한화,win
262,한화,win
263,KIA,win
264,KIA,win
265,두산,win
266,두산,win
267,현대,lose
268,현대,win
269,LG,win
270,SK,win
271,SK,win
272,SK,lose
273,두산,win
274,두산,lose
275,한화,win
276,한화,win
277,한화,win
278,KIA,win
279,KIA,win
280,SK,win
281,SK,lose
282,롯데,lose
283,롯데,lose
284,현대,win
285,현대,lose
286,두산,win
287,두산,lose
288,LG,win
289,LG,win
290,LG,lose
291,LG,lose
292,KIA,win
293,KIA,win
294,KIA,win
295,KIA,lose
296,SK,win
297,SK,lose
298,SK,lose
299,롯데,lose
300,롯데,lose
301,롯데,win
302,한화,lose
303,한화,lose
304,롯데,win
305,LG,lose
306,LG,lose
307,LG,win
308,한화,lose
309,두산,win
310,LG,win
311,LG,lose
312,LG,win
313,롯데,lose
314,롯데,lose
315,롯데,win
316,한화,win
317,한화,lose
318,한화,lose
319,두산,win
320,두산,win
321,두산,win
322,SK,lose
323,SK,win
324,SK,lose
325,현대,win
326,현대,lose
327,현대,win
328,KIA,lose
329,KIA,win
330,KIA,win
331,LG,win
332,LG,lose
333,LG,win
334,롯데,lose
335,롯데,lose
336,롯데,win
337,한화,win
338,한화,lose
339,한화,lose
340,두산,win
341,두산,win
342,두산,win
343,SK,lose
344,SK,win
345,SK,lose
346,현대,win
347,현대,lose
348,현대,win
349,KIA,lose
350,KIA,win
351,KIA,win
352,두산,lose
353,두산,lose
354,두산,win
355,현대,win
356,현대,win
357,현대,win
358,SK,win
359,SK,win
360,SK,lose
361,LG,lose
362,LG,win
363,LG,win
364,롯데,lose
365,롯데,win
366,롯데,win
367,한화,lose
368,한화,win
369,KIA,win
370,KIA,win
371,KIA,win
372,LG,win
373,LG,win
374,LG,lose
375,SK,lose
376,SK,lose
377,SK,win
378,현대,win
379,현대,lose
380,한화,win
381,한화,win
382,KIA,win
383,KIA,lose
384,KIA,lose
385,롯데,win
386,롯데,win
387,롯데,win
388,SK,win
389,SK,lose
390,두산,lose
391,두산,lose
392,롯데,win
393,롯데,win
394,KIA,lose
395,KIA,win
396,LG,lose
397,LG,lose
398,두산,lose
399,두산,lose
400,두산,lose
401,한화,lose
402,한화,draw
403,현대,lose
404,현대,win
405,현대,lose
406,SK,win
407,SK,win
408,두산,win
409,두산,win
410,현대,win
411,현대,lose
412,현대,win
413,두산,win
414,두산,win
415,두산,win
416,한화,lose
417,한화,win
418,현대,draw
419,현대,lose
420,LG,lose
421,LG,draw
422,두산,win
423,두산,win
424,한화,win
425,KIA,lose
426,KIA,win
427,롯데,lose
428,롯데,win
429,한화,win
430,한화,win
431,LG,draw
432,LG,lose
433,LG,win
434,KIA,lose
435,SK,lose
436,SK,win
437,SK,win
438,롯데,win
439,롯데,lose
440,LG,win
441,LG,win
442,LG,win
443,한화,win
444,SK,win
445,SK,win
446,SK,win
447,현대,win
448,롯데,win
449,롯데,win
450,한화,win
451,한화,win
452,한화,win
453,한화,win
454,현대,win
455,현대,lose
456,KIA,lose
457,KIA,win
458,KIA,win
459,두산,lose
460,롯데,win
461,롯데,lose
462,KIA,win
463,KIA,win
464,두산,win
465,두산,win
466,롯데,win
467,롯데,win
468,롯데,win
469,한화,win
470,한화,win
471,한화,win
472,현대,win
473,현대,win
474,현대,lose
475,SK,win
476,KIA,win
477,KIA,draw
478,LG,win
479,LG,lose
480,LG,win
481,현대,lose
482,현대,lose
483,두산,win
484,두산,win
485,롯데,win
486,롯데,win
487,롯데,win
488,한화,win
489,한화,win
490,한화,win
491,현대,win
492,현대,win
493,현대,lose
494,SK,win
495,KIA,win
496,KIA,draw
497,LG,win
498,LG,lose
499,LG,win
500,현대,lose
501,현대,lose
502,현대,win
503,롯데,win
504,롯데,lose
505,롯데,win
506,KIA,lose
507,두산,win
508,두산,win
509,두산,win
510,LG,lose
511,LG,win
512,LG,win
513,SK,lose
514,SK,lose
515,SK,win
516,한화,draw
517,한화,lose
518,한화,win
519,KIA,lose
520,KIA,lose
521,두산,win
522,두산,lose
523,두산,win
524,SK,lose
525,SK,win
526,SK,lose
527,SK,lose
528,KIA,win
529,KIA,lose
530,KIA,win
531,KIA,lose
532,한화,win
533,한화,lose
534,한화,lose
535,롯데,win
536,롯데,win
537,현대,win
538,현대,win
539,현대,win
540,LG,win
541,LG,win
542,LG,lose
543,SK,lose
544,SK,win
545,SK,win
546,롯데,win
547,롯데,win
548,롯데,win
549,현대,win
550,두산,lose
551,두산,win
552,두산,win
553,한화,win
554,한화,lose
555,한화,lose
556,LG,win
557,두산,win
558,두산,win
559,SK,win
560,SK,lose
561,롯데,win
562,롯데,win
563,롯데,win
564,현대,lose
565,현대,lose
566,현대,lose
567,두산,lose
568,두산,win
569,두산,lose
570,LG,win
571,LG,win
572,LG,lose
573,한화,win
574,한화,lose
575,한화,win
576,현대,win
577,현대,lose
578,현대,win
579,SK,win
580,SK,lose
581,SK,lose
582,LG,win
583,LG,win
584,KIA,lose
585,KIA,lose
586,롯데,win
587,롯데,lose
588,롯데,lose
589,KIA,lose
590,KIA,lose
591,KIA,win
592,현대,win
593,현대,win
594,현대,win
595,한화,lose
596,한화,win
597,한화,win
598,SK,lose
599,SK,lose
600,두산,lose
601,두산,lose
602,두산,win
603,한화,draw
604,LG,win
605,LG,win
606,KIA,lose
607,KIA,draw
608,KIA,win
609,KIA,lose
610,롯데,win
611,SK,lose
612,LG,win
613,LG,lose
614,KIA,lose
615,롯데,lose
616,롯데,win
617,롯데,lose
618,KIA,lose
619,KIA,win
620,KIA,win
621,한화,lose
622,한화,draw
623,한화,win
624,LG,win
625,LG,lose
626,LG,lose
627,두산,win
628,두산,draw
629,두산,lose
630,현대,lose
631,현대,win
632,현대,lose
633,한화,lose
634,한화,win
635,한화,lose
636,롯데,win
637,롯데,win
638,롯데,win
639,두산,win
640,롯데,win
641,롯데,lose
642,KIA,lose
643,KIA,win
644,KIA,win
645,한화,lose
646,한화,draw
647,한화,win
648,LG,win
649,LG,lose
650,LG,lose
651,두산,win
652,두산,draw
653,두산,lose
654,현대,lose
655,현대,win
656,현대,lose
657,한화,lose
658,한화,win
659,한화,lose
660,롯데,win
661,롯데,win
662,롯데,win
663,두산,win
664,두산,lose
665,두산,win
666,현대,win
667,현대,lose
668,현대,lose
669,SK,lose
670,SK,lose
671,한화,lose
672,한화,lose
673,한화,lose
674,LG,draw
675,LG,lose
676,LG,lose
677,KIA,lose
678,KIA,win
679,KIA,win
680,SK,win
681,SK,win
682,SK,win
683,LG,win
684,LG,lose
685,현대,win
686,현대,win
687,롯데,draw
688,롯데,win
689,롯데,win
690,SK,lose
691,SK,lose
692,SK,win
693,KIA,win
694,KIA,win
695,KIA,lose
696,현대,draw
697,현대,win
698,현대,draw
699,두산,lose
700,두산,lose
701,SK,win
702,한화,win
703,한화,win
704,한화,win
705,롯데,win
706,롯데,lose
707,롯데,win
708,LG,win
709,LG,win
710,LG,win
711,두산,lose
712,KIA,win
713,KIA,lose
714,KIA,win
715,현대,lose
716,현대,lose
717,현대,lose
718,두산,win
719,두산,win
720,한화,lose
721,한화,lose
722,한화,win
723,롯데,win
724,롯데,win
725,LG,win
726,LG,win
727,두산,win
728,두산,lose
729,두산,lose
730,SK,win
731,SK,win
732,SK,win
733,한화,lose
734,한화,win
735,KIA,win
736,KIA,win
737,LG,lose
738,KIA,win
739,KIA,win
740,현대,lose
741,현대,win
742,롯데,win
743,롯데,win
744,SK,win
745,SK,win
746,SK,lose
747,SK,lose
748,한화,win
749,한화,win
750,현대,lose
751,현대,win
752,현대,lose
753,SK,draw
754,SK,lose
755,SK,lose
756,LG,lose
757,롯데,win
758,롯데,win
759,롯데,win
760,두산,lose
761,두산,lose
762,두산,win
763,KIA,lose
764,KIA,lose
765,롯데,win
766,KIA,draw
767,LG,win
768,LG,win
769,LG,win
770,LG,win
771,두산,win
772,두산,lose
773,롯데,win
774,롯데,win
775,LG,win
776,LG,lose
777,현대,lose
778,현대,win
779,KIA,win
780,KIA,win
781,KIA,win
782,SK,lose
783,SK,win
784,SK,win
785,두산,lose
786,두산,lose
787,두산,lose
788,한화,win
789,한화,lose
790,한화,win
791,LG,lose
792,LG,win
793,LG,win
794,KIA,win
795,KIA,win
796,롯데,win
797,롯데,win
798,LG,win
799,LG,lose
800,현대,lose
801,현대,win
802,KIA,win
803,KIA,win
804,KIA,win
805,SK,lose
806,SK,win
807,SK,win
808,두산,lose
809,두산,lose
810,두산,lose
811,한화,win
812,한화,lose
813,한화,win
814,LG,lose
815,LG,win
816,LG,win
817,KIA,win
818,KIA,win
819,KIA,win
820,롯데,win
821,롯데,win
822,롯데,lose
823,한화,win
824,한화,win
825,두산,win
826,두산,lose
827,두산,win
828,현대,win
829,현대,lose
830,현대,win
831,롯데,lose
832,롯데,win
833,롯데,win
834,한화,win
835,한화,win
836,한화,lose
837,SK,win
838,SK,win
839,SK,win
840,LG,lose
841,LG,win
842,LG,win
843,롯데,win
844,롯데,lose
845,KIA,win
846,KIA,win
847,KIA,win
848,두산,lose
849,두산,lose
850,두산,lose
851,현대,lose
852,현대,win
853,현대,win
854,LG,lose
855,LG,win
856,SK,draw
857,SK,lose
858,SK,lose
859,현대,win
860,현대,lose
861,현대,win
862,SK,win
863,SK,lose
864,SK,lose
865,한화,lose
866,한화,lose
867,한화,lose
868,현대,draw
869,KIA,lose
870,KIA,win
871,KIA,win
872,두산,win
873,두산,lose
874,현대,lose
875,현대,win
876,현대,lose
877,롯데,win
878,롯데,win
879,롯데,lose
880,KIA,win
881,KIA,win
882,KIA,lose
883,한화,lose
884,한화,win
885,두산,win
886,두산,win
887,두산,win
888,SK,lose
889,SK,lose
890,LG,lose
891,LG,lose
892,LG,win
893,한화,win
894,롯데,win
895,롯데,win
896,두산,draw
897,두산,win
898,KIA,lose
899,LG,win
900,LG,win
901,SK,draw
902,SK,lose
903,SK,win
904,롯데,win
905,롯데,win
906,롯데,win
907,두산,win
908,LG,lose
909,LG,win
910,SK,lose
911,한화,win
912,한화,win
913,현대,lose
914,현대,lose
915,현대,lose
916,한화,win
917,LG,lose
918,KIA,win
919,KIA,win
920,두산,lose
921,한화,win
922,롯데,lose
923,롯데,win
924,현대,win
925,현대,win
926,현대,lose
927,두산,win
928,두산,draw
929,두산,lose
930,한화,lose
931,한화,win
932,SK,lose
933,SK,win
934,LG,lose
935,LG,win
936,LG,win
937,KIA,win
938,KIA,lose
939,KIA,win
940,롯데,lose
941,롯데,win
942,현대,win
943,현대,win
944,현대,lose
945,두산,win
946,두산,draw
947,두산,lose
948,한화,lose
949,한화,win
950,SK,lose
951,SK,win
952,LG,lose
953,LG,win
954,LG,win
955,KIA,win
956,KIA,lose
957,KIA,win
958,SK,win
959,SK,win
960,SK,win
961,현대,lose
962,현대,lose
963,LG,lose
964,LG,win
965,LG,win
966,KIA,lose
967,KIA,win
968,KIA,lose
969,두산,win
970,두산,lose
971,두산,win
972,롯데,lose
973,롯데,win
974,한화,win
975,한화,lose
976,한화,win
977,두산,win
978,두산,win
979,롯데,win
980,롯데,lose
981,롯데,win
982,KIA,win
983,KIA,draw
984,KIA,lose
985,LG,win
986,LG,lose
987,LG,lose
988,현대,win
989,현대,win
990,현대,lose
991,한화,win
992,한화,win
993,SK,win
994,SK,win
995,SK,win
996,롯데,lose
997,롯데,win
998,LG,win
999,LG,win
1000,두산,win
1001,두산,lose
1002,KIA,draw
1003,SK,win
1004,SK,win
1005,한화,lose
1006,SK,win
1007,SK,win
1008,롯데,win
1009,롯데,win
1010,롯데,lose
1011,삼성,lose
1012,삼성,lose
1013,KIA,lose
1014,KIA,lose
1015,현대,lose
1016,SK,lose
1017,SK,lose
1018,SK,win
1019,한화,win
1020,한화,win
1021,한화,lose
1022,LG,win
1023,LG,win
1024,LG,win
1025,현대,lose
1026,현대,win
1027,현대,win
1028,KIA,lose
1029,KIA,win
1030,KIA,win
1031,두산,win
1032,두산,lose
1033,두산,lose
1034,롯데,win
1035,롯데,win
1036,한화,lose
1037,한화,win
1038,현대,lose
1039,현대,lose
1040,현대,lose
1041,LG,win
1042,LG,win
1043,LG,lose
1044,롯데,lose
1045,롯데,lose
1046,롯데,win
1047,KIA,lose
1048,KIA,lose
1049,두산,lose
1050,두산,win
1051,KIA,win
1052,한화,lose
1053,SK,win
1054,한화,win
1055,한화,win
1056,한화,lose
1057,한화,win
1058,현대,lose
1059,SK,lose
1060,SK,lose
1061,롯데,win
1062,LG,win
1063,두산,lose
1064,현대,win
1065,현대,win
1066,두산,win
1067,두산,lose
1068,두산,win
1069,SK,win
1070,SK,lose
1071,SK,draw
1072,KIA,win
1073,KIA,lose
1074,KIA,lose
1075,롯데,win
1076,롯데,lose
1077,롯데,win
1078,LG,win
1079,LG,win
1080,KIA,lose
1081,KIA,win
1082,KIA,win
1083,현대,lose
1084,현대,lose
1085,현대,lose
1086,두산,win
1087,두산,lose
1088,두산,win
1089,SK,win
1090,SK,lose
1091,SK,draw
1092,KIA,win
1093,KIA,lose
1094,KIA,lose
1095,롯데,win
1096,롯데,lose
1097,롯데,win
1098,LG,win
1099,LG,win
1100,KIA,lose
1101,KIA,win
1102,KIA,win
1103,현대,lose
1104,현대,lose
1105,현대,lose
1106,한화,lose
1107,한화,lose
1108,롯데,lose
1109,롯데,lose
1110,롯데,win
1111,두산,lose
1112,두산,draw
1113,현대,lose
1114,현대,win
1115,한화,win
1116,한화,win
1117,LG,lose
1118,LG,lose
1119,LG,win
1120,SK,win
1121,SK,draw
1122,SK,win
1123,현대,lose
1124,현대,win
1125,현대,lose
1126,LG,lose
1127,LG,win
1128,LG,lose
1129,한화,win
1130,한화,win
1131,한화,win
1132,롯데,win
1133,롯데,win
1134,롯데,lose
1135,두산,lose
1136,두산,win
1137,두산,lose
1138,KIA,win
1139,KIA,lose
1140,KIA,lose
1141,현대,lose
1142,현대,lose
1143,현대,win
1144,LG,lose
1145,LG,win
1146,한화,win
1147,한화,lose
1148,두산,win
1149,두산,lose
1150,두산,win
1151,롯데,win
1152,롯데,lose
1153,SK,lose
1154,SK,win
1155,SK,lose
1156,두산,lose
1157,두산,win
1158,두산,lose
1159,KIA,win
1160,KIA,lose
1161,현대,win
1162,현대,lose
1163,현대,lose
1164,한화,win
1165,한화,win
1166,한화,win
1167,두산,lose
1168,두산,win
1169,두산,win
1170,KIA,win
1171,KIA,win
1172,KIA,lose
1173,LG,lose
1174,LG,win
1175,LG,win
1176,SK,win
1177,SK,win
1178,SK,lose
1179,롯데,win
1180,롯데,lose
1181,현대,win
1182,현대,win
1183,SK,lose
1184,LG,win
1185,LG,win
1186,LG,lose
1187,롯데,win
1188,롯데,lose
1189,KIA,win
1190,KIA,lose
1191,한화,lose
1192,SK,win
1193,SK,win
1194,현대,win
1195,LG,draw
1196,LG,win
1197,한화,lose
1198,KIA,win
1199,SK,lose
1200,두산,lose
1201,SK,lose
1202,한화,lose
1203,한화,lose
1204,한화,lose
1205,롯데,win
1206,현대,lose
1207,KIA,win
1208,SK,lose
1209,한화,win
1210,롯데,lose
1211,롯데,lose
1212,KIA,win
1213,KIA,win
1214,KIA,win
1215,KIA,win
1216,LG,win
1217,LG,win
1218,LG,win
1219,우리,lose
1220,우리,lose
1221,우리,win
1222,롯데,lose
1223,롯데,win
1224,한화,win
1225,한화,lose
1226,한화,win
1227,SK,lose
1228,SK,lose
1229,SK,lose
1230,LG,win
1231,LG,lose
1232,LG,lose
1233,두산,lose
1234,두산,lose
1235,두산,win
1236,롯데,lose
1237,롯데,win
1238,롯데,win
1239,우리,win
1240,우리,lose
1241,우리,lose
1242,한화,win
1243,한화,win
1244,한화,lose
1245,KIA,win
1246,KIA,lose
1247,KIA,lose
1248,SK,lose
1249,SK,win
1250,SK,lose
1251,롯데,lose
1252,롯데,win
1253,롯데,win
1254,두산,win
1255,두산,lose
1256,LG,lose
1257,LG,win
1258,LG,lose
1259,한화,win
1260,한화,win
1261,한화,lose
1262,우리,win
1263,우리,win
1264,우리,win
1265,SK,win
1266,SK,win
1267,SK,lose
1268,LG,lose
1269,LG,win
1270,KIA,lose
1271,KIA,win
1272,KIA,lose
1273,한화,lose
1274,한화,lose
1275,한화,lose
1276,두산,win
1277,두산,lose
1278,두산,win
1279,우리,lose
1280,우리,lose
1281,SK,lose
1282,SK,lose
1283,SK,lose
1284,LG,win
1285,LG,win
1286,LG,lose
1287,두산,lose
1288,두산,win
1289,두산,win
1290,롯데,win
1291,롯데,lose
1292,KIA,lose
1293,KIA,lose
1294,KIA,lose
1295,SK,win
1296,SK,lose
1297,SK,win
1298,LG,lose
1299,LG,lose
1300,LG,lose
1301,우리,lose
1302,우리,win
1303,우리,win
1304,한화,win
1305,한화,win
1306,한화,win
1307,KIA,lose
1308,KIA,win
1309,KIA,win
1310,두산,win
1311,SK,win
1312,SK,win
1313,우리,win
1314,우리,win
1315,우리,win
1316,롯데,lose
1317,롯데,lose
1318,롯데,lose
1319,KIA,win
1320,KIA,lose
1321,KIA,win
1322,한화,lose
1323,한화,win
1324,한화,win
1325,두산,win
1326,두산,lose
1327,두산,win
1328,롯데,win
1329,롯데,lose
1330,롯데,lose
1331,KIA,win
1332,LG,win
1333,롯데,win
1334,롯데,lose
1335,두산,lose
1336,두산,lose
1337,두산,win
1338,우리,lose
1339,SK,win
1340,LG,win
1341,LG,win
1342,히어로즈,lose
1343,히어로즈,lose
1344,히어로즈,lose
1345,KIA,win
1346,KIA,win
1347,KIA,lose
1348,한화,lose
1349,한화,win
1350,두산,lose
1351,두산,win
1352,두산,win
1353,LG,win
1354,LG,lose
1355,LG,win
1356,KIA,win
1357,KIA,lose
1358,KIA,lose
1359,히어로즈,win
1360,히어로즈,lose
1361,히어로즈,lose
1362,LG,win
1363,LG,win
1364,히어로즈,lose
1365,히어로즈,lose
1366,히어로즈,lose
1367,KIA,win
1368,KIA,win
1369,KIA,lose
1370,한화,lose
1371,한화,win
1372,두산,lose
1373,두산,win
1374,두산,win
1375,LG,win
1376,LG,lose
1377,LG,win
1378,KIA,win
1379,KIA,lose
1380,KIA,lose
1381,히어로즈,win
1382,히어로즈,lose
1383,히어로즈,lose
1384,SK,lose
1385,SK,win
1386,SK,lose
1387,한화,win
1388,한화,win
1389,한화,win
1390,LG,lose
1391,LG,lose
1392,LG,win
1393,롯데,lose
1394,롯데,lose
1395,롯데,lose
1396,두산,lose
1397,두산,win
1398,두산,lose
1399,SK,lose
1400,SK,lose
1401,SK,lose
1402,롯데,win
1403,롯데,win
1404,롯데,lose
1405,한화,win
1406,한화,lose
1407,한화,win
1408,SK,win
1409,SK,win
1410,SK,lose
1411,히어로즈,win
1412,히어로즈,win
1413,히어로즈,win
1414,KIA,lose
1415,KIA,lose
1416,KIA,lose
1417,SK,win
1418,SK,lose
1419,SK,win
1420,두산,lose
1421,두산,lose
1422,두산,lose
1423,롯데,win
1424,롯데,lose
1425,롯데,lose
1426,LG,lose
1427,LG,lose
1428,LG,lose
1429,한화,win
1430,한화,win
1431,한화,win
1432,두산,lose
1433,두산,win
1434,두산,win
1435,KIA,win
1436,KIA,lose
1437,히어로즈,win
1438,히어로즈,win
1439,롯데,win
1440,롯데,win
1441,SK,win
1442,SK,win
1443,두산,lose
1444,두산,win
1445,두산,lose
1446,LG,win
1447,LG,win
1448,히어로즈,win
1449,히어로즈,lose
1450,히어로즈,win
1451,LG,lose
1452,LG,lose
1453,LG,win
1454,KIA,lose
1455,KIA,lose
1456,KIA,lose
1457,한화,win
1458,한화,win
1459,한화,win
1460,롯데,lose
1461,롯데,lose
1462,롯데,win
1463,히어로즈,win
1464,히어로즈,lose
1465,KIA,lose
1466,KIA,win
1467,KIA,lose
1468,한화,win
1469,한화,lose
1470,두산,win
1471,두산,lose
1472,두산,lose
1473,롯데,lose
1474,롯데,win
1475,롯데,win
1476,SK,lose
1477,SK,lose
1478,SK,lose
1479,KIA,lose
1480,KIA,win
1481,히어로즈,win
1482,LG,win
1483,LG,win
1484,LG,lose
1485,롯데,lose
1486,롯데,lose
1487,한화,lose
1488,한화,win
1489,히어로즈,win
1490,히어로즈,win
1491,SK,lose
1492,SK,lose
1493,두산,lose
1494,한화,lose
1495,LG,lose
1496,LG,win
1497,KIA,win
1498,KIA,lose
1499,LG,lose
1500,LG,win
1501,KIA,win
1502,KIA,lose
1504,한화,win
1505,한화,lose
1506,한화,win
1507,넥센,win
1508,넥센,win
1509,넥센,win
1510,KIA,win
1511,KIA,win
1512,KIA,lose
1513,LG,win
1514,LG,lose
1515,LG,lose
1516,SK,lose
1517,SK,lose
1518,SK,lose
1519,한화,win
1520,한화,win
1521,한화,lose
1522,두산,win
1523,두산,lose
1524,두산,lose
1527,LG,win
1528,한화,win
1529,한화,win
1530,한화,win
1531,롯데,lose
1532,롯데,win
1533,롯데,lose
1534,SK,win
1535,SK,lose
1536,SK,win
1537,두산,win
1538,두산,lose
1539,두산,lose
1540,넥센,lose
1541,넥센,win
1542,넥센,lose
1544,LG,lose
1545,LG,lose
1546,롯데,win
1549,SK,win
1550,SK,win
1551,SK,win
1552,두산,lose
1553,두산,win
1554,두산,win
1555,KIA,win
1556,KIA,lose
1557,KIA,lose
1558,롯데,lose
1559,롯데,lose
1560,롯데,lose
1561,SK,lose
1562,SK,win
1563,SK,lose
1564,넥센,lose
1565,넥센,win
1566,넥센,lose
1567,롯데,win
1568,롯데,win
1569,롯데,draw
1570,한화,lose
1571,한화,lose
1572,한화,win
1573,두산,lose
1574,두산,win
1575,두산,win
1576,넥센,win
1577,넥센,win
1578,넥센,win
1579,롯데,win
1580,롯데,win
1581,롯데,win
1583,KIA,win
1584,KIA,win
1585,SK,win
1586,SK,win
1587,SK,lose
1588,넥센,win
1589,넥센,win
1590,넥센,win
1591,두산,win
1592,두산,lose
1593,두산,win
1595,LG,win
1596,LG,win
1597,KIA,win
1598,KIA,lose
1599,KIA,win
1601,한화,win
1602,한화,win
1603,넥센,win
1604,넥센,win
1605,넥센,lose
1606,SK,lose
1607,SK,win
1608,SK,lose
1609,LG,lose
1610,LG,win
1611,LG,win
1613,롯데,lose
1614,롯데,win
1615,한화,win
1616,한화,win
1617,한화,win
1618,두산,win
1619,두산,lose
1620,두산,lose
1621,KIA,win
1622,KIA,win
1623,KIA,win
1624,두산,win
1626,LG,win
1628,KIA,lose
1629,넥센,lose
1630,한화,win
1631,한화,win
1632,롯데,lose
1633,롯데,win
1634,롯데,lose
1635,LG,win
1637,LG,lose
1638,KIA,win
1639,KIA,lose
1640,SK,lose
1641,LG,win
1642,롯데,lose
1643,LG,draw
1644,LG,win
1645,KIA,win
1646,KIA,lose
1647,롯데,lose
1648,롯데,win
1650,SK,lose
1651,SK,lose
1652,SK,win
1653,LG,win
1654,LG,lose
1655,LG,win
1656,두산,win
1657,두산,lose
1658,두산,win
1659,KIA,win
1660,KIA,lose
1661,KIA,win
1662,넥센,lose
1663,넥센,win
1664,넥센,lose
1666,두산,win
1667,두산,win
1668,한화,lose
1669,한화,win
1670,KIA,win
1671,KIA,lose
1672,롯데,lose
1673,롯데,win
1675,SK,lose
1676,SK,lose
1677,SK,win
1678,LG,win
1679,LG,lose
1680,LG,win
1681,두산,win
1682,두산,lose
1683,두산,win
1684,KIA,win
1685,KIA,lose
1686,KIA,win
1687,넥센,lose
1688,넥센,win
1689,넥센,lose
1691,두산,win
1692,두산,win
1693,한화,lose
1694,한화,win
1695,한화,lose
1696,롯데,lose
1697,롯데,lose
1698,롯데,win
1699,LG,lose
1700,LG,win
1701,LG,lose
1702,SK,win
1704,SK,lose
1705,한화,lose
1706,한화,win
1707,한화,lose
1708,넥센,win
1709,넥센,win
1710,넥센,win
1711,두산,win
1712,두산,draw
1713,두산,win
1714,롯데,lose
1715,롯데,draw
1717,SK,win
1718,SK,win
1719,SK,lose
1720,한화,win
1721,한화,lose
1722,한화,lose
1723,두산,lose
1724,두산,win
1725,두산,win
1726,롯데,win
1727,롯데,win
1728,롯데,lose
1729,넥센,win
1730,넥센,win
1731,넥센,win
1732,LG,win
1733,LG,win
1734,LG,win
1735,KIA,lose
1736,KIA,lose
1737,KIA,win
1738,한화,win
1739,한화,win
1740,한화,win
1741,넥센,lose
1744,LG,win
1747,롯데,win
1748,롯데,lose
1750,SK,win
1751,SK,win
1753,두산,lose
1756,넥센,win
1759,KIA,lose
1760,KIA,win
1761,KIA,lose
1762,SK,win
1763,SK,lose
1764,SK,lose
1765,KIA,win
1766,KIA,win
1767,KIA,win
1768,LG,win
1769,LG,lose
1771,넥센,win
1772,넥센,win
1773,넥센,win
1774,롯데,win
1775,롯데,lose
1776,롯데,win
1778,한화,win
1779,한화,lose
1780,KIA,win
1781,KIA,lose
1782,KIA,win
1784,SK,win
1785,SK,win
1787,LG,lose
1788,LG,lose
1789,한화,lose
1790,한화,lose
1791,한화,win
1792,두산,win
1793,두산,win
1794,두산,lose
1795,롯데,win
1796,롯데,lose
1797,한화,lose
1798,한화,win
1799,KIA,win
1800,LG,win
1801,LG,win
1802,롯데,lose
1803,롯데,win
1804,넥센,win
1805,넥센,lose
1806,두산,win
1807,두산,lose
1808,KIA,win
1809,넥센,win
1810,넥센,win
1811,넥센,win
1812,두산,win
1813,두산,win
1814,SK,draw
1815,SK,lose
1816,SK,win
1817,SK,lose
1818,LG,lose
1819,LG,draw
1820,LG,win
1821,LG,lose
1822,LG,lose
1824,KIA,lose
1825,KIA,win
1826,넥센,win
1827,넥센,win
1828,넥센,lose
1829,두산,lose
1830,두산,lose
1831,두산,lose
1832,한화,win
1834,한화,win
1835,롯데,lose
1837,롯데,win
1838,SK,lose
1839,SK,lose
1840,SK,win
1841,LG,lose
1842,LG,lose
1844,KIA,lose
1845,KIA,win
1846,넥센,win
1847,넥센,win
1848,넥센,lose
1849,두산,lose
1850,두산,lose
1851,두산,lose
1852,한화,win
1854,한화,win
1855,롯데,lose
1857,롯데,win
1858,SK,lose
1859,SK,lose
1860,SK,win
1862,두산,lose
1863,두산,win
1864,한화,lose
1865,한화,win
1866,한화,lose
1867,롯데,win
1868,롯데,win
1869,롯데,draw
1870,LG,win
1871,LG,lose
1872,LG,win
1873,KIA,win
1874,KIA,lose
1875,KIA,win
1876,넥센,lose
1877,넥센,lose
1878,넥센,lose
1879,롯데,win
1880,롯데,lose
1881,롯데,win
1882,SK,win
1883,SK,lose
1884,SK,lose
1885,한화,win
1886,한화,win
1887,한화,win
1888,두산,lose
1889,두산,win
1890,두산,lose
1891,KIA,win
1892,KIA,win
1893,KIA,lose
1894,SK,lose
1895,SK,win
1896,SK,lose
1897,한화,win
1898,한화,win
1899,한화,win
1900,두산,lose
1901,두산,win
1902,두산,lose
1903,KIA,win
1904,KIA,draw
1905,KIA,win
1906,넥센,win
1907,넥센,win
1908,넥센,lose
1909,SK,win
1910,SK,lose
1911,SK,win
1912,넥센,win
1914,넥센,win
1915,LG,win
1916,LG,win
1919,롯데,lose
1920,롯데,win
1921,LG,win
1923,LG,win
1926,KIA,win
1928,한화,win
1929,한화,win
1930,SK,lose
1931,SK,win
1932,SK,win
1933,넥센,win
1934,넥센,win
1935,넥센,win
1936,두산,lose
1937,두산,lose
1938,두산,lose
1939,롯데,lose
1940,롯데,win
1941,롯데,lose
1942,SK,lose
1943,SK,win
1944,SK,lose
1945,LG,lose
1946,LG,win
1947,LG,win
1948,한화,win
1949,한화,lose
1951,두산,win
1952,두산,win
1953,두산,win
1954,롯데,lose
1957,LG,win
1958,LG,win
1959,LG,win
1961,KIA,win
1963,넥센,lose
1964,넥센,win
1965,넥센,win
1966,LG,lose
1967,LG,win
1968,두산,lose
1970,넥센,win
1971,한화,lose
1972,한화,lose
1974,롯데,win
1977,한화,win
1978,한화,lose
1979,KIA,win
1980,KIA,win
1981,롯데,win
1982,롯데,win
1983,KIA,lose
1984,KIA,lose
1985,롯데,win
1986,롯데,win
1987,넥센,win
1988,LG,win
1989,LG,win
1990,두산,win
1991,SK,win
1992,KIA,lose
1993,KIA,win
1994,두산,lose
1995,두산,lose
1996,두산,lose
1997,두산,lose
1998,NC,win
2000,NC,win
2001,한화,win
2002,한화,win
2003,한화,win
2004,넥센,lose
2005,넥센,win
2006,넥센,win
2007,SK,lose
2008,SK,win
2009,SK,lose
2010,롯데,lose
2012,롯데,win
2014,LG,win
2015,LG,win
2016,KIA,win
2017,KIA,lose
2018,KIA,win
2019,넥센,lose
2020,넥센,lose
2021,넥센,lose
2022,롯데,win
2023,롯데,win
2024,롯데,win
2025,KIA,win
2026,KIA,win
2027,KIA,win
2028,두산,win
2029,두산,win
2030,두산,lose
2031,NC,win
2032,NC,win
2033,NC,win
2034,LG,win
2035,LG,lose
2036,LG,lose
2037,한화,win
2038,한화,win
2039,한화,lose
2042,SK,win
2043,롯데,lose
2044,롯데,lose
2045,롯데,win
2046,넥센,lose
2047,넥센,draw
2048,넥센,lose
2049,두산,win
2050,두산,win
2051,두산,win
2052,NC,win
2053,NC,lose
2054,NC,draw
2056,SK,lose
2057,SK,win
2058,LG,lose
2059,LG,win
2060,LG,lose
2062,한화,lose
2064,KIA,win
2065,KIA,win
2066,KIA,win
2067,롯데,win
2068,롯데,lose
2070,두산,lose
2071,두산,lose
2072,두산,win
2073,SK,lose
2074,SK,win
2075,SK,lose
2076,한화,win
2077,한화,win
2079,NC,win
2080,NC,win
2081,NC,win
2082,넥센,win
2083,넥센,win
2084,넥센,lose
2085,KIA,win
2086,KIA,win
2087,KIA,win
2088,LG,lose
2089,LG,win
2090,LG,lose
2091,한화,win
2092,한화,lose
2093,KIA,win
2094,KIA,lose
2095,LG,lose
2096,LG,win
2097,NC,lose
2098,NC,lose
2099,넥센,win
2100,넥센,lose
2101,SK,lose
2102,SK,win
2103,두산,win
2104,두산,lose
2106,롯데,win
2107,NC,win
2108,NC,lose
2109,SK,lose
2110,SK,win
2112,두산,lose
2113,KIA,lose
2114,KIA,lose
2115,LG,win
2116,LG,lose
2118,넥센,win
2119,롯데,lose
2120,롯데,win
2121,한화,lose
2122,한화,win
2123,두산,win
2124,NC,win
2125,두산,win
2126,넥센,win
2127,한화,win
2128,SK,win
2129,SK,win
2130,SK,lose
2131,롯데,lose
2132,LG,lose
2133,한화,win
2134,한화,win
2135,롯데,win
2136,롯데,lose
2137,KIA,lose
2138,KIA,win
2139,KIA,lose
2140,KIA,win
2141,한화,win
2142,한화,lose
2144,롯데,lose
2145,롯데,lose
2146,롯데,win
2147,SK,lose
2148,SK,lose
2149,SK,win
2150,두산,lose
2151,두산,lose
2153,NC,win
2154,NC,lose
2155,NC,win
2156,LG,win
2157,LG,win
2158,LG,win
2159,넥센,win
2160,넥센,lose
2161,넥센,win
2162,NC,lose
2163,NC,win
2164,NC,win
2165,SK,win
2166,SK,win
2167,SK,win
2168,두산,win
2169,두산,lose
2170,두산,lose
2171,한화,win
2172,한화,win
2173,한화,draw
2174,KIA,win
2175,KIA,win
2176,KIA,win
2177,롯데,win
2178,롯데,win
2179,롯데,win
2180,넥센,win
2181,넥센,win
2182,넥센,win
2183,LG,lose
2184,LG,win
2185,LG,win
2186,KIA,win
2187,KIA,win
2188,KIA,lose
2189,한화,lose
2190,한화,win
2191,한화,win
2192,넥센,draw
2194,넥센,lose
2195,두산,lose
2196,두산,win
2197,두산,win
2198,SK,win
2199,SK,win
2200,SK,win
2201,NC,win
2203,NC,win
2205,넥센,lose
2206,넥센,win
2207,넥센,lose
2208,한화,lose
2209,한화,win
2210,한화,win
2211,두산,lose
2212,두산,win
2213,두산,win
2214,롯데,win
2215,롯데,win
2216,롯데,lose
2217,SK,win
2218,SK,lose
2219,SK,lose
2220,LG,lose
2221,LG,lose
2222,롯데,win
2223,롯데,win
2224,롯데,win
2225,NC,win
2226,NC,win
2227,NC,win
2228,LG,lose
2229,LG,win
2230,LG,win
2231,KIA,win
2235,한화,win
2236,한화,lose
2238,롯데,win
2239,넥센,win
2241,넥센,win
2242,SK,win
2243,SK,lose
2244,LG,win
2249,두산,win
2250,두산,lose
2251,SK,win
2252,SK,lose
2253,롯데,win
2254,롯데,lose
2255,두산,lose
2256,두산,lose
2257,넥센,lose
2258,넥센,lose
2259,NC,draw
2261,한화,win
2262,한화,win
2263,NC,lose
2264,NC,win
2265,KIA,win
2266,KIA,win
2267,LG,lose
2268,LG,lose
2269,롯데,win
2270,KIA,win
2271,KIA,win
2272,두산,lose
2273,LG,lose
2274,넥센,lose
2275,NC,lose
2276,KIA,lose
2277,KIA,win
2278,한화,win
2279,NC,lose
2280,LG,win
2281,KIA,lose
2282,SK,win
2283,SK,lose
2284,KT,win
2285,SK,win
2286,SK,lose
2287,KT,win
2288,KT,win
2290,LG,win
2291,LG,lose
2292,LG,lose
2293,롯데,win
2294,롯데,win
2295,롯데,win
2296,KIA,win
2297,KIA,win
2298,KIA,lose
2299,한화,lose
2300,한화,win
2302,KT,win
2303,KT,win
2305,NC,win
2306,NC,win
2307,NC,win
2308,롯데,lose
2309,롯데,lose
2310,롯데,lose
2311,LG,lose
2312,LG,win
2313,LG,win
2314,두산,win
2315,두산,win
2317,넥센,lose
2318,넥센,win
2319,넥센,win
2320,SK,lose
2321,SK,win
2322,SK,lose
2323,한화,lose
2324,한화,win
2325,한화,lose
2326,NC,lose
2327,NC,win
2328,NC,lose
2330,두산,win
2331,두산,win
2332,KIA,win
2333,KIA,lose
2334,KIA,lose
2335,넥센,win
2336,넥센,lose
2337,넥센,lose
2338,LG,win
2339,LG,win
2340,LG,win
2341,롯데,win
2342,롯데,win
2343,롯데,win
2344,NC,win
2345,NC,lose
2346,NC,lose
2347,한화,lose
2348,한화,lose
2349,한화,lose
2350,KIA,win
2351,KIA,lose
2353,두산,lose
2354,두산,win
2355,두산,lose
2356,SK,win
2358,SK,win
2359,롯데,win
2360,롯데,lose
2362,KT,win
2363,KT,win
2364,KT,lose
2366,넥센,win
2367,넥센,lose
2368,LG,win
2369,LG,win
2370,LG,win
2373,SK,win
2374,KT,lose
2375,KT,lose
2377,넥센,lose
2378,넥센,win
2379,넥센,win
2380,KIA,lose
2381,KIA,win
2382,KIA,lose
2383,한화,win
2384,한화,lose
2385,한화,win
2386,NC,win
2387,NC,win
2388,NC,win
2389,두산,win
2390,두산,win
2391,두산,lose
2392,KT,win
2393,KT,win
2394,SK,win
2395,SK,win
2397,넥센,win
2398,넥센,lose
2399,LG,lose
2400,LG,win
2401,KIA,win
2402,KIA,lose
2403,한화,win
2404,한화,win
2405,두산,win
2406,두산,win
2408,NC,lose
2409,롯데,win
2410,롯데,lose
2412,한화,lose
2413,두산,win
2414,두산,lose
2415,LG,lose
2416,LG,win
2417,NC,win
2418,NC,win
2419,SK,win
2420,SK,lose
2421,KIA,lose
2422,KIA,win
2423,KT,win
2424,KT,win
2425,롯데,lose
2426,롯데,win
2427,넥센,lose
2428,넥센,win
2429,SK,lose
2430,SK,lose
2431,SK,win
2432,두산,win
2433,롯데,win
2434,NC,win
2435,KT,win
2436,KT,win
2437,SK,lose
2438,두산,lose
2439,한화,lose
2440,한화,lose
2442,KT,win
2443,넥센,win
2444,KIA,win
2445,두산,lose
2446,두산,win
2448,KT,lose
2449,KT,win
2450,KT,win
2451,롯데,win
2452,롯데,lose
2453,롯데,lose
2454,NC,win
2455,NC,lose
2456,NC,win
2457,두산,lose
2459,두산,lose
2460,KIA,lose
2461,KIA,win
2462,KIA,win
2463,KT,lose
2464,KT,lose
2465,KT,win
2466,LG,lose
2468,LG,win
2469,한화,lose
2470,한화,win
2471,두산,lose
2472,두산,win
2474,KT,lose
2475,KT,win
2476,KT,win
2477,롯데,win
2478,롯데,lose
2479,롯데,lose
2480,NC,win
2481,NC,lose
2482,NC,win
2483,두산,lose
2485,두산,lose
2486,KIA,lose
2487,KIA,win
2488,KIA,win
2489,KT,lose
2490,KT,lose
2491,KT,win
2492,LG,lose
2494,LG,win
2495,한화,lose
2496,한화,win
2497,한화,lose
2498,넥센,lose
2499,넥센,lose
2500,넥센,win
2501,SK,win
2502,SK,lose
2503,SK,win
2504,LG,win
2505,LG,lose
2506,LG,win
2507,롯데,lose
2508,롯데,win
2509,롯데,lose
2510,한화,win
2511,한화,win
2512,한화,lose
2513,NC,win
2514,NC,lose
2515,NC,lose
2516,KIA,lose
2517,KIA,win
2518,KIA,lose
2519,SK,lose
2520,SK,win
2521,SK,win
2522,넥센,win
2523,넥센,lose
2524,넥센,win
2525,한화,lose
2526,한화,lose
2527,한화,lose
2528,LG,win
2529,LG,lose
2530,LG,lose
2531,KIA,lose
2532,KIA,win
2533,KIA,win
2534,SK,lose
2535,SK,lose
2536,SK,lose
2537,두산,win
2538,두산,lose
2539,두산,lose
2540,넥센,lose
2541,넥센,lose
2542,넥센,win
2543,KT,lose
2544,KT,lose
2545,KT,win
2546,롯데,lose
2547,롯데,lose
2548,롯데,lose
2552,LG,win
2554,LG,win
2555,한화,lose
2556,한화,draw
2557,한화,lose
2558,롯데,win
2559,롯데,lose
2560,롯데,lose
2561,두산,lose
2562,두산,win
2563,두산,win
2564,KT,lose
2565,KT,win
2566,KT,lose
2567,NC,lose
2568,NC,win
2569,NC,lose
2570,넥센,win
2574,SK,lose
2575,SK,win
2576,KIA,win
2577,KIA,lose
2578,KIA,win
2579,한화,lose
2580,한화,win
2581,두산,lose
2582,두산,lose
2583,LG,win
2584,LG,win
2585,NC,win
2586,NC,lose
2587,KT,win
2588,KT,win
2589,넥센,lose
2590,넥센,lose
2591,SK,win
2592,SK,lose
2593,KIA,lose
2595,롯데,win
2597,넥센,win
2598,넥센,lose
2599,KIA,lose
2601,두산,win
2602,두산,lose
2603,KT,win
2604,KT,lose
2605,롯데,lose
2606,롯데,win
2607,NC,win
2608,NC,win
2609,한화,lose
2610,한화,win
2611,SK,win
2612,SK,win
2613,LG,lose
2614,LG,lose
2615,두산,lose
2616,롯데,lose
2617,두산,win
2618,넥센,win
2619,넥센,win
2620,NC,win
2622,NC,lose
2623,NC,lose
2625,LG,lose
2626,LG,win
2627,KIA,lose
2628,KIA,win
2629,SK,lose
2630,KIA,lose
2631,KIA,lose
2632,KIA,lose
2633,KIA,win
2634,LG,lose
2636,LG,lose
2637,KT,lose
2638,KT,lose
2639,KT,lose
2640,한화,lose
2641,한화,lose
2642,한화,win
2643,롯데,lose
2644,롯데,lose
2645,롯데,win
2646,두산,draw
2647,두산,lose
2648,두산,lose
2649,NC,draw
2650,NC,lose
2651,NC,lose
2652,KIA,lose
2653,KIA,lose
2654,KIA,lose
2655,SK,lose
2656,SK,win
2657,SK,lose
2658,두산,win
2659,두산,lose
2660,두산,lose
2661,NC,lose
2662,NC,win
2663,NC,lose
2665,LG,lose
2666,LG,lose
2667,넥센,win
2668,넥센,lose
2669,넥센,lose
2670,SK,win
2671,SK,win
2672,SK,lose
2673,한화,win
2674,한화,win
2675,한화,win
2676,KT,lose
2677,KT,lose
2678,KT,win
2679,넥센,lose
2680,넥센,lose
2681,넥센,win
2682,롯데,lose
2683,롯데,win
2684,롯데,win
2685,KIA,win
2686,KIA,win
2687,KIA,lose
2688,두산,win
2689,두산,lose
2690,두산,lose
2691,한화,win
2692,한화,lose
2693,한화,win
2694,KT,win
2695,KT,lose
2696,KT,win
2697,SK,lose
2698,SK,lose
2699,SK,win
2700,LG,lose
2701,LG,win
2702,LG,win
2703,한화,win
2704,한화,win
2705,한화,draw
2706,KIA,lose
2707,KIA,lose
2708,KIA,lose
2709,SK,lose
2710,SK,win
2711,SK,lose
2712,롯데,win
2713,롯데,win
2714,롯데,lose
2715,넥센,lose
2716,넥센,lose
2717,넥센,win
2718,KT,win
2719,KT,win
2720,KT,lose
2721,롯데,lose
2722,롯데,win
2723,롯데,draw
2724,LG,lose
2726,LG,win
2727,NC,win
2728,NC,win
2729,NC,lose
2730,넥센,win
2731,넥센,lose
2732,넥센,lose
2733,두산,lose
2734,두산,lose
2735,두산,lose
2736,NC,win
2737,NC,win
2738,NC,lose
2739,LG,lose
2740,LG,win
2742,한화,lose
2743,롯데,win
2744,롯데,lose
2746,넥센,lose
2747,KT,win
2748,KT,win
2749,LG,lose
2751,넥센,lose
2752,넥센,lose
2753,SK,lose
2754,SK,lose
2755,KT,win
2756,KT,lose
2757,KIA,lose
2758,KIA,lose
2759,SK,lose
2760,SK,lose
2761,두산,win
2762,두산,lose
2763,NC,win
2765,롯데,win
2766,롯데,lose
2767,KIA,lose
2768,KIA,win
2769,한화,lose
2770,한화,win
2771,NC,draw
2772,NC,win
2773,두산,lose
2774,두산,lose
2775,LG,win
2776,LG,lose
2777,한화,lose
2778,NC,lose
2779,LG,lose
2780,LG,win
2781,넥센,win
2782,두산,win
2783,두산,lose
2784,KIA,lose
2785,KIA,win
2786,KIA,lose
2787,넥센,lose
2788,넥센,lose
2789,두산,win
2790,두산,lose
2791,KIA,lose
2792,KIA,win
2793,KIA,lose
2794,넥센,lose
2795,넥센,lose
2796,넥센,win
2797,NC,lose
2798,NC,lose
2799,NC,win
2801,SK,lose
2802,SK,win
2803,두산,lose
2804,두산,lose
2805,두산,lose
2806,한화,win
2807,한화,lose
2808,한화,lose
2809,롯데,win
2810,롯데,lose
2811,롯데,win
2812,KT,lose
2813,KT,win
2814,KT,lose
2815,NC,win
2816,NC,lose
2817,NC,lose
2818,LG,lose
2819,LG,lose
2820,LG,win
2821,SK,lose
2822,SK,lose
2823,SK,win
2824,한화,lose
2825,한화,win
2827,KT,win
2828,KT,win
2829,KT,lose
2830,KIA,win
2832,KIA,lose
2833,LG,win
2834,LG,lose
2835,LG,lose
2836,넥센,win
2837,넥센,lose
2838,넥센,win
2839,롯데,win
2840,롯데,win
2841,롯데,win
2842,두산,win
2843,두산,lose
2844,두산,lose
2845,KT,lose
2846,KT,win
2847,KT,win
2848,NC,win
2849,NC,win
2850,NC,win
2851,SK,lose
2852,SK,lose
2853,SK,win
2854,LG,lose
2855,LG,lose
2856,LG,win
2857,롯데,win
2858,롯데,lose
2859,롯데,win
2860,넥센,lose
2861,넥센,lose
2862,넥센,lose
2863,SK,draw
2864,SK,win
2865,SK,lose
2866,두산,win
2867,두산,lose
2868,두산,lose
2869,한화,win
2870,한화,lose
2871,한화,lose
2872,넥센,lose
2874,넥센,lose
2876,KT,lose
2877,KT,draw
2878,두산,lose
2879,두산,lose
2880,두산,win
2881,롯데,win
2882,롯데,win
2883,롯데,win
2884,KIA,lose
2885,KIA,win
2886,KIA,win
2887,한화,lose
2888,한화,win
2889,한화,win
2890,LG,win
2891,LG,win
2892,LG,lose
2893,KIA,win
2894,KIA,win
2895,KIA,win
2896,NC,draw
2897,NC,lose
2898,NC,win
2899,롯데,lose
2900,롯데,win
2901,SK,win
2902,SK,lose
2903,LG,win
2904,LG,lose
2905,NC,lose
2906,NC,win
2907,넥센,lose
2908,넥센,lose
2909,한화,win
2910,NC,win
2911,NC,win
2912,두산,lose
2913,두산,lose
2914,KIA,lose
2915,KIA,win
2916,한화,lose
2917,한화,lose
2918,LG,lose
2919,LG,win
2920,KT,win
2921,KT,lose
2922,KIA,lose
2923,KIA,win
2924,넥센,lose
2925,넥센,win
2926,롯데,lose
2927,롯데,win
2928,한화,win
2929,한화,lose
2930,KT,win
2931,KT,draw
2932,SK,win
2933,SK,lose
2934,KIA,win
2935,KT,lose
2936,SK,win
2937,넥센,win
2938,NC,lose
2939,NC,win
2940,롯데,lose
2941,롯데,win
2942,롯데,win
2943,두산,lose
2944,두산,lose
2945,두산,lose
2946,NC,lose
2947,NC,win
2948,롯데,lose
2949,롯데,win
2950,롯데,win
2951,두산,lose
2952,두산,lose
2953,두산,lose
2954,KIA,lose
2955,KIA,win
2956,KIA,win
2957,SK,lose
2958,SK,lose
2959,SK,lose
2961,LG,win
2962,LG,lose
2963,KT,win
2964,KT,lose
2965,KT,win
2966,키움,lose
2967,키움,lose
2968,키움,win
2969,한화,lose
2970,한화,lose
2971,한화,win
2973,SK,lose
2974,SK,lose
2976,LG,lose
2977,LG,lose
2978,KIA,lose
2979,KIA,win
2980,KIA,lose
2981,키움,lose
2982,키움,win
2983,키움,lose
2984,NC,win
2985,NC,win
2986,NC,win
2987,롯데,lose
2988,롯데,win
2989,롯데,lose
2990,두산,win
2991,두산,lose
2992,두산,lose
2993,KT,win
2994,KT,lose
2996,한화,win
2997,한화,win
2998,한화,win
2999,키움,lose
3000,키움,win
3001,키움,win
3002,두산,lose
3003,두산,lose
3004,두산,win
3005,롯데,lose
3006,롯데,lose
3007,롯데,win
3008,NC,win
3009,NC,win
3010,NC,win
3011,SK,lose
3012,SK,lose
3013,SK,win
3014,KIA,lose
3015,KIA,lose
3016,KIA,lose
3017,KT,win
3018,KT,lose
3019,KT,lose
3020,LG,win
3021,LG,lose
3022,LG,lose
3023,한화,win
3024,한화,lose
3025,한화,win
3026,두산,win
3028,두산,lose
3029,SK,win
3031,SK,lose
3032,KT,lose
3033,KT,lose
3034,KT,lose
3035,NC,lose
3036,NC,draw
3037,NC,win
3038,KIA,win
3040,KIA,win
3041,LG,win
3042,LG,lose
3043,LG,lose
3044,키움,lose
3045,키움,lose
3046,키움,lose
3047,한화,win
3048,한화,win
3049,한화,win
3050,롯데,win
3051,롯데,lose
3052,롯데,lose
3053,LG,lose
3054,LG,win
3056,NC,lose
3057,롯데,lose
3058,롯데,lose
3059,KIA,lose
3060,KIA,win
3061,SK,lose
3064,KT,lose
3065,LG,win
3066,LG,lose
3067,한화,win
3069,두산,lose
3070,두산,lose
3071,키움,win
3072,키움,lose
3073,KIA,win
3074,KIA,lose
3075,SK,win
3076,SK,lose
3077,두산,lose
3078,두산,lose
3079,롯데,win
3080,롯데,win
3081,키움,win
3082,키움,lose
3083,NC,lose
3084,NC,win
3085,KT,win
3086,KT,win
3088,한화,lose
3089,NC,lose
3090,NC,lose
3091,한화,lose
3092,LG,lose
3093,KIA,win
3094,한화,lose
3095,KT,win
3097,LG,win
3098,SK,lose
3099,두산,lose
3100,SK,lose
3101,SK,win
3102,KT,lose
3103,NC,lose
3104,NC,lose
3105,NC,lose
3106,KIA,win
3107,KIA,win
3108,KIA,lose
3109,키움,lose
3110,키움,win
3111,키움,win
3112,KT,lose
3113,KT,lose
3114,KT,lose
3115,LG,lose
3116,LG,win
3117,LG,lose
3118,두산,lose
3119,두산,lose
3120,두산,win
3121,롯데,lose
3122,롯데,win
3123,롯데,win
3124,NC,win
3125,NC,win
3126,NC,lose
3127,NC,lose
3128,NC,lose
3129,NC,lose
3130,KIA,win
3131,KIA,win
3132,KIA,lose
3133,키움,lose
3134,키움,win
3135,키움,win
3136,KT,lose
3137,KT,lose
3138,KT,lose
3139,LG,lose
3140,LG,win
3141,LG,lose
3142,두산,lose
3143,두산,lose
3144,두산,win
3145,롯데,lose
3146,롯데,win
3147,롯데,win
3148,NC,win
3149,NC,win
3150,NC,lose
3151,LG,win
3152,LG,win
3153,LG,lose
3154,SK,lose
3155,SK,lose
3156,SK,win
3157,키움,lose
3158,키움,win
3159,키움,win
3161,KT,win
3162,KT,lose
3163,KT,win
3164,두산,win
3165,두산,win
3166,두산,lose
3167,KIA,lose
3168,KIA,lose
3169,KIA,win
3170,한화,win
3171,한화,win
3172,한화,lose
3173,롯데,win
3174,롯데,win
3175,롯데,lose
3176,SK,win
3177,SK,win
3178,SK,win
3179,LG,win
3180,LG,win
3181,LG,lose
3182,키움,win
3183,키움,lose
3184,키움,lose
3185,KT,lose
3186,KT,lose
3189,KIA,win
3190,KIA,lose
3191,KIA,win
3192,롯데,win
3193,롯데,win
3194,롯데,lose
3195,NC,lose
3199,KIA,lose
3200,KIA,lose
3202,한화,lose
3203,한화,win
3204,키움,lose
3205,키움,lose
3206,키움,lose
3207,두산,win
3208,두산,draw
3209,두산,lose
3210,SK,win
3211,SK,lose
3214,두산,lose
3215,두산,lose
3216,두산,win
3217,한화,win
3218,한화,win
3219,한화,lose
3220,KT,lose
3221,KT,lose
3222,SK,win
3223,SK,lose
3224,롯데,lose
3225,롯데,lose
3226,LG,win
3227,LG,lose
3228,한화,lose
3230,키움,win
3231,키움,lose
3232,KIA,lose
3234,두산,win
3235,두산,win
3237,NC,win
3239,한화,lose
3240,한화,draw
3241,한화,lose
3242,롯데,lose
3243,롯데,lose
3244,LG,win
3245,LG,win
3246,KT,win
3247,KT,lose
3248,KIA,lose
3249,KIA,lose
3250,키움,lose
3251,키움,win
3252,NC,lose
3253,NC,lose
3254,두산,lose
3255,두산,win
3256,SK,win
3257,SK,lose
3258,KT,lose
3259,KT,lose
3260,KT,win
3261,NC,win
3262,NC,draw
3263,NC,lose
3264,NC,lose
3265,LG,win
3266,LG,lose
3267,LG,lose
3268,롯데,win
3269,롯데,lose
3270,롯데,win
3271,SK,lose
3272,SK,win
3273,SK,lose
3274,한화,win
3275,한화,draw
3276,한화,win
3277,한화,win
3278,SK,win
3279,KT,lose
3280,KIA,win
3281,KIA,lose
3282,NC,win
3283,NC,draw
3284,키움,lose
3285,키움,lose
3286,두산,lose
3287,두산,lose
3288,두산,win
3289,KT,win
3290,KT,win
3291,KT,win
3292,한화,win
3293,한화,lose
3294,한화,win
3295,롯데,lose
3296,롯데,win
3297,롯데,win
3298,SSG,lose
3299,SSG,win
3300,SSG,lose
3301,KIA,lose
3302,KIA,win
3303,KIA,win
3304,NC,win
3305,NC,win
3306,NC,lose
3307,LG,win
3308,키움,lose
3309,키움,lose
3310,두산,lose
3311,두산,lose
3312,두산,win
3313,KT,win
3314,KT,win
3315,KT,win
3316,한화,win
3317,한화,lose
3318,한화,win
3319,롯데,lose
3320,롯데,win
3321,롯데,win
3322,SSG,lose
3323,SSG,win
3324,SSG,lose
3325,KIA,lose
3326,KIA,win
3327,KIA,win
3328,NC,win
3329,NC,win
3330,NC,lose
3331,LG,win
3332,LG,win
3333,LG,win
3335,한화,win
3336,한화,lose
3337,롯데,win
3338,롯데,lose
3339,롯데,win
3340,KT,lose
3341,KT,win
3342,KT,win
3343,LG,lose
3344,LG,lose
3346,LG,win
3347,키움,lose
3348,키움,lose
3350,KIA,win
3351,KIA,lose
3352,KIA,win
3354,NC,win
3355,NC,lose
3356,두산,lose
3357,두산,win
3358,두산,lose
3359,SSG,lose
3360,SSG,win
3362,키움,win
3363,키움,lose
3364,키움,win
3365,KIA,win
3366,KIA,lose
3367,KIA,win
3368,NC,lose
3369,NC,win
3370,NC,win
3371,두산,win
3372,두산,win
3373,두산,lose
3374,롯데,lose
3375,롯데,win
3376,롯데,lose
3377,한화,win
3378,한화,win
3379,한화,win
3381,LG,lose
3382,LG,win
3383,LG,lose
3384,SSG,lose
3385,SSG,draw
3386,SSG,lose
3387,SSG,win
3388,NC,win
3390,NC,win
3394,KT,lose
3395,롯데,lose
3396,롯데,win
3397,롯데,win
3405,두산,lose
3406,두산,win
3407,KT,lose
3408,KT,lose
3409,KT,lose
3410,한화,lose
3411,한화,win
3412,한화,win
3413,SSG,win
3415,SSG,draw
3417,SSG,win
3418,LG,draw
3419,LG,lose
3420,LG,lose
3421,KT,win
3422,KT,lose
3423,키움,win
3424,키움,win
3426,KIA,win
3427,KIA,win
3428,두산,win
3429,두산,lose
3430,롯데,lose
3431,롯데,lose
3432,KT,win
3433,KT,draw
3434,한화,win
3435,한화,draw
3436,한화,draw
3437,LG,draw
3438,LG,lose
3439,KIA,lose
3440,KIA,win
3441,SSG,win
3442,SSG,draw
3443,롯데,win
3444,롯데,lose
3445,LG,win
3446,LG,lose
3447,NC,win
3448,NC,win
3449,SSG,lose
3451,한화,win
3452,한화,lose
3453,두산,lose
3454,두산,win
3455,키움,lose
3456,키움,win
3457,NC,win
3458,NC,lose
3459,KIA,win
3460,KIA,win
3461,KIA,lose
3462,키움,lose
3463,키움,win
3464,키움,win
3465,키움,win
3466,두산,lose
3467,KT,win
3468,KT,win
3469,SSG,draw
3470,키움,lose
3471,NC,lose
3472,NC,win
3473,KT,lose
3474,KT,win
3475,두산,win
3476,두산,win
3477,두산,lose
3478,키움,lose
3479,키움,lose
3480,키움,lose
3481,한화,win
3482,한화,win
3483,한화,win
3484,SSG,lose
3485,SSG,lose
3486,SSG,lose
3487,NC,lose
3488,NC,lose
3489,NC,win
3490,롯데,lose
3491,롯데,lose
3492,롯데,lose
3493,LG,win
3494,LG,lose
3495,LG,lose
3496,KIA,win
3497,KIA,win
3498,KT,lose
3499,KT,win
3500,두산,win
3501,두산,win
3502,두산,lose
3503,키움,lose
3504,키움,lose
3505,키움,lose
3506,한화,win
3507,한화,win
3508,한화,win
3509,SSG,lose
3510,SSG,lose
3511,SSG,lose
3512,NC,lose
3513,NC,lose
3514,NC,win
3515,롯데,lose
3516,롯데,lose
3517,롯데,lose
3518,LG,win
3519,LG,lose
3520,LG,lose
3521,KIA,win
3522,KIA,win
3523,KIA,win
3524,NC,lose
3525,NC,win
3526,NC,win
3527,롯데,win
3528,롯데,win
3529,롯데,win
3530,SSG,lose
3531,SSG,win
3532,SSG,win
3534,두산,win
3535,두산,win
3536,한화,lose
3537,한화,win
3538,한화,win
3539,KT,lose
3540,KT,lose
3541,KT,win
3542,KIA,lose
3543,KIA,lose
3544,KIA,lose
3545,LG,lose
3546,LG,lose
3547,LG,win
3548,키움,lose
3549,키움,win
3550,키움,lose
3551,두산,win
3552,두산,lose
3554,롯데,win
3555,롯데,win
3556,롯데,lose
3557,NC,lose
3558,NC,lose
3559,NC,win
3560,LG,lose
3561,LG,win
3562,LG,lose
3563,KIA,lose
3564,KIA,win
3565,KIA,win
3566,키움,lose
3567,키움,lose
3568,키움,lose
3569,한화,lose
3570,한화,win
3571,한화,win
3572,KT,lose
3573,KT,win
3574,KT,lose
3576,NC,lose
3577,NC,lose
3578,LG,lose
3579,LG,lose
3580,LG,lose
3581,SSG,lose
3582,SSG,lose
3583,SSG,lose
3584,KT,lose
3586,KT,lose
3587,키움,lose
3588,키움,lose
3589,키움,win
3590,한화,lose
3591,한화,win
3592,한화,draw
3593,롯데,win
3594,롯데,lose
3595,롯데,draw
3597,두산,lose
3598,두산,win
3599,SSG,win
3600,SSG,lose
3601,SSG,lose
3602,KIA,win
3604,KIA,win
3605,KT,lose
3606,KT,lose
3607,LG,lose
3608,LG,lose
3609,한화,win
3610,한화,win
3612,NC,lose
3613,SSG,lose
3614,SSG,lose
3615,롯데,win
3616,롯데,lose
3617,한화,win
3618,한화,win
3620,SSG,win
3621,KIA,win
3622,KIA,lose
3623,두산,win
3625,키움,win
3626,키움,win
3627,롯데,lose
3628,롯데,win
3629,LG,lose
3630,LG,win
3631,NC,win
3632,NC,lose
3633,두산,win
3634,두산,lose
3635,KIA,win
3636,KIA,win
3637,키움,win
3638,키움,lose
3639,KT,lose
3640,KT,win
3641,KIA,lose
3642,NC,lose
3643,NC,win
3644,두산,win
3645,두산,win
3646,KT,lose
3647,KT,win
3648,두산,lose
3649,두산,win
3650,SSG,win
3651,NC,lose
3652,NC,win
3653,한화,win
3655,한화,lose
3656,LG,lose
3657,LG,lose
3658,LG,lose
3659,SSG,lose
3660,SSG,lose
3661,SSG,win
3662,롯데,win
3663,롯데,lose
3664,롯데,win
3665,키움,win
3666,키움,win
3667,키움,lose
3668,KIA,lose
3669,KIA,lose
3670,KIA,lose
3672,두산,win
3673,두산,win
3674,KT,win
3675,KT,win
3676,KT,win
3677,NC,lose
3678,NC,win
3679,한화,win
3681,한화,lose
3682,LG,lose
3683,LG,lose
3684,LG,lose
3685,SSG,lose
3686,SSG,lose
3687,SSG,win
3688,롯데,win
3689,롯데,lose
3690,롯데,win
3691,키움,win
3692,키움,win
3693,키움,lose
3694,KIA,lose
3695,KIA,lose
3696,KIA,lose
3698,두산,win
3699,두산,win
3700,KT,win
3701,KT,win
3702,KT,win
3703,키움,lose
3704,키움,lose
3705,키움,win
3709,한화,win
3710,한화,lose
3711,한화,lose
3712,LG,win
3713,LG,lose
3714,LG,lose
3715,KIA,lose
3716,KIA,lose
3718,NC,win
3719,NC,lose
3720,NC,win
3721,두산,lose
3722,두산,win
3723,두산,lose
3724,KT,lose
3725,KT,lose
3726,KT,win
3727,SSG,lose
3728,SSG,win
3729,SSG,lose
3730,한화,win
3731,한화,win
3732,한화,lose
3733,NC,win
3734,NC,lose
3735,NC,lose
3736,롯데,lose
3737,롯데,win
3738,롯데,win
3739,LG,lose
3740,LG,lose
3741,LG,lose
3742,KT,lose
3743,KT,lose
3744,KT,win
3745,키움,lose
3746,키움,lose
3747,키움,lose
3748,SSG,lose
3749,SSG,lose
3750,SSG,win
3751,롯데,lose
3752,롯데,lose
3754,한화,lose
3755,한화,lose
3756,한화,win
3757,두산,lose
3758,두산,lose
3759,두산,lose
3761,NC,win
3762,NC,win
3764,KIA,lose
3765,KIA,win
3766,KT,lose
3767,KT,win
3768,KT,lose
3769,SSG,win
3770,SSG,lose
3771,SSG,win
3772,키움,draw
3773,키움,win
3774,키움,win
3775,KIA,lose
3776,KIA,win
3777,KIA,lose
3778,LG,win
3779,LG,win
3780,LG,lose
3781,두산,lose
3782,두산,win
3784,SSG,win
3785,SSG,lose
3786,SSG,lose
3787,LG,win
3788,LG,lose
3789,LG,win
3790,KIA,win
3791,KIA,lose
3792,KIA,win
3793,한화,win
3796,키움,lose
3797,키움,win
3798,키움,win
3801,KT,lose
3802,NC,lose
3803,NC,lose
3804,NC,win
3805,롯데,lose
3806,롯데,win
3807,롯데,lose
3808,두산,lose
3809,두산,win
3810,두산,lose
3811,두산,lose
3812,KIA,win
3813,KT,win
3814,NC,lose
3816,롯데,lose
3817,KT,lose
3819,두산,lose
3820,두산,lose
3822,한화,win
3823,한화,lose
3824,LG,win
3825,NC,win
3826,롯데,lose
3827,롯데,win
3828,롯데,win
3829,롯데,lose
3830,한화,lose
3831,한화,win
3832,KT,win
3833,KIA,lose
3834,KIA,lose
3835,키움,lose
3836,SSG,win
3837,NC,lose
